"1dup-animations","https://jaw213.user.srcf.net/notes/1dup-animations"
"1dup-hyperbolic","https://jaw213.user.srcf.net/notes/1dup-hyperbolic"
"1dup-identities","https://jaw213.user.srcf.net/notes/1dup-identities"
"1dup-lines","https://jaw213.user.srcf.net/notes/1dup-lines"
"1dup-opns","https://jaw213.user.srcf.net/notes/1dup-opns"
"1dup-spherical","https://jaw213.user.srcf.net/notes/1dup-spherical"
"about-this-project","https://jaw213.user.srcf.net/notes/about-this-project"
"antipodal-midpoint","https://jaw213.user.srcf.net/notes/antipodal-midpoint"
"binary-bag-combos","https://jaw213.user.srcf.net/notes/binary-bag-combos"
"blade-based-models","https://jaw213.user.srcf.net/notes/blade-based-models"
"central-limit-theorem","https://jaw213.user.srcf.net/notes/central-limit-theorem"
"centralizers","https://jaw213.user.srcf.net/notes/centralizers"
"centres-in-1dup","https://jaw213.user.srcf.net/notes/centres-in-1dup"
"cga","https://jaw213.user.srcf.net/notes/cga"
"cga-blade-classification","https://jaw213.user.srcf.net/notes/cga-blade-classification"
"cga-contractions","https://jaw213.user.srcf.net/notes/cga-contractions"
"cga-conventions","https://jaw213.user.srcf.net/notes/cga-conventions"
"cga-drills","https://jaw213.user.srcf.net/notes/cga-drills"
"cga-flat-ident","https://jaw213.user.srcf.net/notes/cga-flat-ident"
"cga-identities","https://jaw213.user.srcf.net/notes/cga-identities"
"cga-ipns-opns","https://jaw213.user.srcf.net/notes/cga-ipns-opns"
"cga-ipns-opns-summary","https://jaw213.user.srcf.net/notes/cga-ipns-opns-summary"
"cga-poster","https://jaw213.user.srcf.net/notes/cga-poster"
"cga-reflections","https://jaw213.user.srcf.net/notes/cga-reflections"
"cga-toy","https://jaw213.user.srcf.net/notes/cga-toy"
"cga-vector-classification","https://jaw213.user.srcf.net/notes/cga-vector-classification"
"clifford-algebra-radar","https://jaw213.user.srcf.net/notes/clifford-algebra-radar"
"commutator-exponential","https://jaw213.user.srcf.net/notes/commutator-exponential"
"compactification","https://jaw213.user.srcf.net/notes/compactification"
"conditional-gaussian","https://jaw213.user.srcf.net/notes/conditional-gaussian"
"conic-model","https://jaw213.user.srcf.net/notes/conic-model"
"covariant-derviative","https://jaw213.user.srcf.net/notes/covariant-derviative"
"det-tr-exp","https://jaw213.user.srcf.net/notes/det-tr-exp"
"dirichlet-dist","https://jaw213.user.srcf.net/notes/dirichlet-dist"
"dirichlet-gamma","https://jaw213.user.srcf.net/notes/dirichlet-gamma"
"dupin-cyclide-3d-plot","https://jaw213.user.srcf.net/notes/dupin-cyclide-3d-plot"
"dupin-cyclides","https://jaw213.user.srcf.net/notes/dupin-cyclides"
"epigraphs","https://jaw213.user.srcf.net/notes/epigraphs"
"exotic-rubiks","https://jaw213.user.srcf.net/notes/exotic-rubiks"
"fisher-info-metric-for-gaussians","https://jaw213.user.srcf.net/notes/fisher-info-metric-for-gaussians"
"flow-matching","https://jaw213.user.srcf.net/notes/flow-matching"
"flv-algorithm","https://jaw213.user.srcf.net/notes/flv-algorithm"
"flv-derivation","https://jaw213.user.srcf.net/notes/flv-derivation"
"flv-experiment-tests","https://jaw213.user.srcf.net/notes/flv-experiment-tests"
"flv-experiments","https://jaw213.user.srcf.net/notes/flv-experiments"
"flv-for-multivector-inverses","https://jaw213.user.srcf.net/notes/flv-for-multivector-inverses"
"for-alberto","https://jaw213.user.srcf.net/notes/for-alberto"
"forward-reverse-mode-autodiff","https://jaw213.user.srcf.net/notes/forward-reverse-mode-autodiff"
"fyr-ideas","https://jaw213.user.srcf.net/notes/fyr-ideas"
"ga-cake-and-coffee","https://jaw213.user.srcf.net/notes/ga-cake-and-coffee"
"ga-centralizer-sizes","https://jaw213.user.srcf.net/notes/ga-centralizer-sizes"
"ga-literature","https://jaw213.user.srcf.net/notes/ga-literature"
"ga-nn-demo","https://jaw213.user.srcf.net/notes/ga-nn-demo"
"ga-orthogonal-split","https://jaw213.user.srcf.net/notes/ga-orthogonal-split"
"ga-product-identities","https://jaw213.user.srcf.net/notes/ga-product-identities"
"ga-tests","https://jaw213.user.srcf.net/notes/ga-tests"
"gaussian","https://jaw213.user.srcf.net/notes/gaussian"
"gaussian-max-likelihood","https://jaw213.user.srcf.net/notes/gaussian-max-likelihood"
"gaussian-processes","https://jaw213.user.srcf.net/notes/gaussian-processes"
"graph-waves","https://jaw213.user.srcf.net/notes/graph-waves"
"hyperbolic-isometries","https://jaw213.user.srcf.net/notes/hyperbolic-isometries"
"hyperbolic-proj","https://jaw213.user.srcf.net/notes/hyperbolic-proj"
"hyperbolic-space-of-gaussians","https://jaw213.user.srcf.net/notes/hyperbolic-space-of-gaussians"
"ipns-sampling","https://jaw213.user.srcf.net/notes/ipns-sampling"
"joan-1up-lines","https://jaw213.user.srcf.net/notes/joan-1up-lines"
"joe-primes","https://jaw213.user.srcf.net/notes/joe-primes"
"julia-for-ga","https://jaw213.user.srcf.net/notes/julia-for-ga"
"kawasaki","https://jaw213.user.srcf.net/notes/kawasaki"
"kernel-fusion-ideas","https://jaw213.user.srcf.net/notes/kernel-fusion-ideas"
"kl-div-between-gaussians","https://jaw213.user.srcf.net/notes/kl-div-between-gaussians"
"lab-calendar","https://jaw213.user.srcf.net/notes/lab-calendar"
"lie-quadric-classification","https://jaw213.user.srcf.net/notes/lie-quadric-classification"
"lie-sphere-geometry","https://jaw213.user.srcf.net/notes/lie-sphere-geometry"
"loxodromic-rotor","https://jaw213.user.srcf.net/notes/loxodromic-rotor"
"lsg-blades","https://jaw213.user.srcf.net/notes/lsg-blades"
"lsg-complexes","https://jaw213.user.srcf.net/notes/lsg-complexes"
"lsg-envelopes","https://jaw213.user.srcf.net/notes/lsg-envelopes"
"lsg-intro-talk","https://jaw213.user.srcf.net/notes/lsg-intro-talk"
"lsg-opns-ipns","https://jaw213.user.srcf.net/notes/lsg-opns-ipns"
"lsg-plotting","https://jaw213.user.srcf.net/notes/lsg-plotting"
"lsg-talk","https://jaw213.user.srcf.net/notes/lsg-talk"
"lsg-tests","https://jaw213.user.srcf.net/notes/lsg-tests"
"lsg-vectors","https://jaw213.user.srcf.net/notes/lsg-vectors"
"matrix-cookbook-derivations","https://jaw213.user.srcf.net/notes/matrix-cookbook-derivations"
"matrix-matrix-derivatives","https://jaw213.user.srcf.net/notes/matrix-matrix-derivatives"
"max-cut","https://jaw213.user.srcf.net/notes/max-cut"
"maxwell-equations","https://jaw213.user.srcf.net/notes/maxwell-equations"
"mooncake-intro","https://jaw213.user.srcf.net/notes/mooncake-intro"
"mooncake-self-tangents","https://jaw213.user.srcf.net/notes/mooncake-self-tangents"
"mother-hilbert","https://jaw213.user.srcf.net/notes/mother-hilbert"
"multivector-calc-tests","https://jaw213.user.srcf.net/notes/multivector-calc-tests"
"multivector-conjugation","https://jaw213.user.srcf.net/notes/multivector-conjugation"
"multivector-deriv-identities","https://jaw213.user.srcf.net/notes/multivector-deriv-identities"
"multivector-proj-rej","https://jaw213.user.srcf.net/notes/multivector-proj-rej"
"nested-sampling","https://jaw213.user.srcf.net/notes/nested-sampling"
"number-of-commuting-blades","https://jaw213.user.srcf.net/notes/number-of-commuting-blades"
"number-of-commuting-blades-tests","https://jaw213.user.srcf.net/notes/number-of-commuting-blades-tests"
"number-of-subsets-with-divisible-sum","https://jaw213.user.srcf.net/notes/number-of-subsets-with-divisible-sum"
"opns-ipns-lattice","https://jaw213.user.srcf.net/notes/opns-ipns-lattice"
"orthogonal-group-topology","https://jaw213.user.srcf.net/notes/orthogonal-group-topology"
"overloading-autodiff","https://jaw213.user.srcf.net/notes/overloading-autodiff"
"partials","https://jaw213.user.srcf.net/notes/partials"
"people","https://jaw213.user.srcf.net/notes/people"
"pga","https://jaw213.user.srcf.net/notes/pga"
"pga-poster","https://jaw213.user.srcf.net/notes/pga-poster"
"poincare-half-plane","https://jaw213.user.srcf.net/notes/poincare-half-plane"
"poincare-plane-to-disk","https://jaw213.user.srcf.net/notes/poincare-plane-to-disk"
"poisson-distribution","https://jaw213.user.srcf.net/notes/poisson-distribution"
"prob-ranking","https://jaw213.user.srcf.net/notes/prob-ranking"
"product-of-gaussians","https://jaw213.user.srcf.net/notes/product-of-gaussians"
"projective-spaces","https://jaw213.user.srcf.net/notes/projective-spaces"
"pushforward","https://jaw213.user.srcf.net/notes/pushforward"
"quadratic-form-solution-space","https://jaw213.user.srcf.net/notes/quadratic-form-solution-space"
"random-variables","https://jaw213.user.srcf.net/notes/random-variables"
"reciprocal-basis","https://jaw213.user.srcf.net/notes/reciprocal-basis"
"reciprocal-basis-test","https://jaw213.user.srcf.net/notes/reciprocal-basis-test"
"reverse-mode-inner-product","https://jaw213.user.srcf.net/notes/reverse-mode-inner-product"
"reversion-sign","https://jaw213.user.srcf.net/notes/reversion-sign"
"rotor-best-fit","https://jaw213.user.srcf.net/notes/rotor-best-fit"
"rotor-formula","https://jaw213.user.srcf.net/notes/rotor-formula"
"rotor-optimisation","https://jaw213.user.srcf.net/notes/rotor-optimisation"
"rubiks","https://jaw213.user.srcf.net/notes/rubiks"
"rubiks-algos","https://jaw213.user.srcf.net/notes/rubiks-algos"
"sf2-notebook","https://jaw213.user.srcf.net/notes/sf2-notebook"
"solar-system-geometry","https://jaw213.user.srcf.net/notes/solar-system-geometry"
"spacetime-cga-poster","https://jaw213.user.srcf.net/notes/spacetime-cga-poster"
"spin-groups","https://jaw213.user.srcf.net/notes/spin-groups"
"sta-blades","https://jaw213.user.srcf.net/notes/sta-blades"
"sta-boosts","https://jaw213.user.srcf.net/notes/sta-boosts"
"sta-identities","https://jaw213.user.srcf.net/notes/sta-identities"
"sta-without-signature","https://jaw213.user.srcf.net/notes/sta-without-signature"
"stereographic-proj","https://jaw213.user.srcf.net/notes/stereographic-proj"
"stereoproj-identities","https://jaw213.user.srcf.net/notes/stereoproj-identities"
"tape-autodiff","https://jaw213.user.srcf.net/notes/tape-autodiff"
"transport-operator","https://jaw213.user.srcf.net/notes/transport-operator"
"unified-autodiff","https://jaw213.user.srcf.net/notes/unified-autodiff"
"variance-of-sum","https://jaw213.user.srcf.net/notes/variance-of-sum"
"wagner-fischer-matrix","https://jaw213.user.srcf.net/notes/wagner-fischer-matrix"
"weird-stokes","https://jaw213.user.srcf.net/notes/weird-stokes"
"yule-simpson","https://jaw213.user.srcf.net/notes/yule-simpson"